Date,Open,High,Low,Close,Adj Close,Volume
18/06/04,274.529999,275.190002,274.26001,274.899994,252.442184,45385200
18/06/05,275.049988,275.529999,274.179993,275.100006,252.625854,51135000
18/06/06,275.790009,277.519989,275.089996,277.399994,254.737991,62732200
18/06/07,277.950012,278.279999,276.339996,277.369995,254.71048,72969400
18/06/08,276.850006,278.25,276.660004,278.190002,255.463455,72139700
18/06/11,278.440002,279.369995,278.309998,278.559998,255.803238,58892500
18/06/12,279.029999,279.329987,278.190002,278.920013,256.13385,72329000
18/06/13,279.190002,279.480011,277.799988,278.029999,255.316544,79070600
18/06/14,279.01001,279.329987,278.059998,278.730011,255.959366,77097600
18/06/15,276.600006,277.51001,275.350006,277.130005,255.632828,120041600
18/06/18,275.48999,276.700012,274.950012,276.559998,255.106995,52917600
18/06/19,274,275.75,273.529999,275.5,254.129211,97531500
18/06/20,276.269989,276.720001,275.589996,275.970001,254.562775,53785500
18/06/21,275.959991,275.980011,273.679993,274.23999,252.966965,71061400
18/06/22,275.660004,275.790009,274.48999,274.73999,253.428116,54898500
18/06/25,273.440002,273.619995,269.100006,271,249.978287,137854200
18/06/26,271.640015,272.559998,270.790009,271.600006,250.531784,68547400
18/06/27,272.26001,273.869995,269.179993,269.350006,248.456268,105110700
18/06/28,269.290009,271.75,268.48999,270.890015,249.876816,76650500
18/06/29,272.119995,273.660004,271.149994,271.279999,250.236588,97592500
18/07/02,269.51001,272.040009,269.23999,271.859985,250.771576,63554800
18/07/03,272.869995,272.980011,270.420013,270.899994,249.886017,42187100
18/07/05,272.170013,273.179993,270.959991,273.109985,251.924576,56925900
18/07/06,273.140015,275.839996,272.709991,275.420013,254.05542,66493700
18/07/09,276.549988,277.959991,276.5,277.899994,256.343109,50550400
18/07/10,278.410004,279.01001,278.079987,278.899994,257.265533,51966800
18/07/11,277.149994,278.040009,276.519989,276.859985,255.383698,77054700
18/07/12,278.279999,279.429993,277.600006,279.369995,257.699066,60124700
18/07/13,279.170013,279.929993,278.660004,279.589996,257.901978,48216000
18/07/16,279.640015,279.799988,278.839996,279.339996,257.671356,48201000
18/07/17,278.470001,280.910004,278.410004,280.470001,258.713715,52315500
18/07/18,280.559998,281.179993,280.059998,281.059998,259.257904,44593500
18/07/19,280.309998,280.73999,279.459991,280,258.280151,61412100
18/07/20,279.769989,280.480011,279.5,279.679993,257.984955,82337700
18/07/23,279.450012,280.429993,279.059998,280.200012,258.464691,47047600
18/07/24,281.790009,282.559998,280.630005,281.609985,259.765289,68026900
18/07/25,281.329987,284.369995,281.279999,284.01001,261.979095,78882900
18/07/26,283.200012,284.109985,283.089996,283.339996,261.361053,57919500
18/07/27,283.709991,283.820007,280.380005,281.420013,259.590027,76768700
18/07/30,281.51001,281.690002,279.359985,279.950012,258.234039,63742500
18/07/31,280.809998,282.019989,280.380005,281.329987,259.506958,68570500
18/08/01,281.559998,282.130005,280.130005,280.859985,259.073456,53853300
18/08/02,279.390015,282.579987,279.160004,282.390015,260.484863,63426400
18/08/03,282.529999,283.660004,282.329987,283.600006,261.600922,53935400
18/08/06,283.640015,284.98999,283.200012,284.640015,262.560242,39400900
18/08/07,285.390015,286.01001,285.23999,285.579987,263.427246,43196600
18/08/08,285.390015,285.910004,284.940002,285.459991,263.316589,42114600
18/08/09,285.529999,285.970001,284.920013,285.070007,262.956879,35717000
18/08/10,283.450012,284.059998,282.359985,283.160004,261.195038,77076000
18/08/13,283.470001,284.160004,281.769989,282.100006,260.217285,65732900
18/08/14,282.920013,284.170013,282.480011,283.899994,261.877655,43842000
18/08/15,282.380005,282.540009,280.160004,281.779999,259.922089,102925400
18/08/16,283.399994,285.040009,283.359985,284.059998,262.025238,69967900
18/08/17,283.829987,285.559998,283.369995,285.059998,262.947662,65618500
18/08/20,285.570007,285.970001,285.059998,285.670013,263.510345,39807500
18/08/21,286.25,287.309998,285.709991,286.339996,264.128296,67272000
18/08/22,285.880005,286.76001,285.579987,286.170013,263.971527,44993300
18/08/23,285.970001,286.940002,285.429993,285.790009,263.620941,49204900
18/08/24,286.440002,287.670013,286.380005,287.51001,265.207611,57487400
18/08/27,288.859985,289.899994,288.679993,289.779999,267.301544,57072400
18/08/28,290.299988,290.420013,289.399994,289.920013,267.430664,46943500
18/08/29,290.160004,291.73999,289.890015,291.480011,268.869598,61485500
18/08/30,290.940002,291.359985,289.630005,290.299988,267.781128,61229500
18/08/31,289.839996,290.809998,289.290009,290.309998,267.790436,66140800
18/09/04,289.839996,290.209991,288.679993,289.809998,267.329193,57594400
18/09/05,289.410004,289.640015,287.890015,289.029999,266.609741,72452400
18/09/06,289.149994,289.48999,287,288.160004,265.807159,65909900
18/09/07,286.980011,288.700012,286.709991,287.600006,265.290588,73524800
18/09/10,288.73999,289.040009,287.880005,288.100006,265.751831,50210900
18/09/11,287.369995,289.549988,286.980011,289.049988,266.628113,50530500
18/09/12,289.059998,289.799988,288.230011,289.119995,266.692719,59810800
18/09/13,290.320007,291.040009,290,290.829987,268.27002,51034200
18/09/14,291.059998,291.269989,290,290.880005,268.316132,55079900
18/09/17,290.820007,290.859985,289.029999,289.339996,266.89566,68244000
18/09/18,289.579987,291.579987,289.549988,290.910004,268.343842,61930400
18/09/19,290.970001,291.690002,290.829987,291.220001,268.629822,49080600
18/09/20,292.640015,293.940002,291.23999,293.579987,270.806824,100360600
18/09/21,293.089996,293.220001,291.809998,291.98999,270.559357,105479700
18/09/24,291.339996,291.5,290.369995,291.019989,269.660553,53409600
18/09/25,291.529999,291.649994,290.480011,290.75,269.410339,44370000
18/09/26,290.910004,292.23999,289.410004,289.880005,268.604218,79739700
18/09/27,290.410004,291.910004,290.100006,290.690002,269.354736,59249500
18/09/28,289.98999,291.279999,289.950012,290.720001,269.382538,70091400
18/10/01,292.109985,292.929993,290.980011,291.730011,270.31839,62078900
18/10/02,291.559998,292.359985,291.140015,291.559998,270.160889,47258200
18/10/03,292.73999,293.209991,291.320007,291.720001,270.309174,64694600
18/10/04,291.179993,291.23999,287.660004,289.440002,268.196472,111545900
18/10/05,289.690002,290.269989,286.220001,287.820007,266.695435,105951700
18/10/08,287.049988,288.220001,285.5,287.820007,266.695435,87742200
18/10/09,287.390015,288.859985,286.769989,287.399994,266.306183,74339000
18/10/10,286.829987,286.910004,277.880005,278.299988,257.874146,214731000
18/10/11,277.079987,278.899994,270.359985,272.170013,252.194107,274840500
18/10/12,276.769989,277.089996,272.369995,275.950012,255.69664,183186500
18/10/15,275.549988,277.040009,274.299988,274.399994,254.260345,102263700
18/10/16,276.600006,280.820007,276.070007,280.399994,259.819977,118255800
18/10/17,280.440002,281.149994,277.559998,280.450012,259.866302,110626000
18/10/18,279.399994,280.070007,274.970001,276.399994,256.113586,134557500
18/10/19,277.130005,279.299988,275.470001,276.25,255.974579,139901600
18/10/22,277,277.359985,274.410004,275.01001,254.825638,82415800
18/10/23,270.950012,274.869995,268.609985,273.609985,253.528336,146352700
18/10/24,273.329987,273.76001,264.700012,265.320007,245.846802,177806700
18/10/25,267.380005,271.809998,266.230011,270.079987,250.257401,138061500
18/10/26,265.920013,271,262.290009,265.329987,245.856049,201574600
18/10/29,268.799988,270.25,259.850006,263.859985,244.493942,160749100
18/10/30,263.670013,268.119995,263.119995,267.769989,248.116928,157116000
18/10/31,270.649994,273.230011,270.119995,270.630005,250.767059,128296300
18/11/01,271.600006,273.730011,270.380005,273.51001,253.435623,99495000
18/11/02,274.75,275.230011,269.589996,271.890015,251.934601,122634100
18/11/05,272.440002,274.01001,271.350006,273.390015,253.324463,65622500
18/11/06,273.320007,275.299988,273.25,275.119995,254.927536,60085900
18/11/07,277.559998,281.100006,277.079987,281.01001,260.385223,102752100
18/11/08,280.109985,281.220001,279.220001,280.5,259.912628,65584900
18/11/09,279.029999,279.23999,276.179993,277.76001,257.37381,98812600
18/11/12,277.190002,277.459991,271.98999,272.570007,252.564651,99673600
18/11/13,273.089996,275.329987,271.25,272.059998,252.092117,98176600
18/11/14,274.160004,274.609985,268.450012,270.200012,250.368698,125335900
18/11/15,268.779999,273.540009,267.01001,273.019989,252.981644,135101400
18/11/16,271.790009,274.75,271.209991,273.730011,253.639511,126668000
18/11/19,273.049988,273.380005,268.070007,269.100006,249.349365,103061700
18/11/20,265.359985,267,263.149994,264.119995,244.734879,136021300
18/11/21,265.859985,267.149994,265.01001,265.019989,245.568817,75563700
18/11/23,263.179993,264.820007,263.070007,263.25,243.928726,42807900
18/11/26,265.779999,267.75,265.339996,267.5,247.866791,79981400
18/11/27,266.339996,268.399994,265.660004,268.399994,248.700714,75502400
18/11/28,269.600006,274.579987,268.329987,274.579987,254.42717,127629600
18/11/29,273.709991,275.549988,272.429993,273.980011,253.871216,82346400
18/11/30,273.809998,276.279999,273.450012,275.649994,255.41861,98204200
18/12/03,280.279999,280.399994,277.51001,279.299988,258.80069,103176300
18/12/04,278.369995,278.850006,269.899994,270.25,250.414917,177986000
18/12/06,265.920013,269.970001,262.440002,269.839996,250.034973,204185400
18/12/07,269.459991,271.220001,262.630005,263.570007,244.22522,161018900
18/12/10,263.369995,265.160004,258.619995,264.070007,244.688538,151445900
18/12/11,267.660004,267.869995,262.480011,264.130005,244.744141,121504400
18/12/12,267.470001,269,265.369995,265.459991,245.976517,97976700
18/12/13,266.519989,267.48999,264.119995,265.369995,245.893112,96662700
18/12/14,262.959991,264.029999,259.850006,260.470001,241.352722,116961100
18/12/17,259.399994,260.649994,253.529999,255.360001,236.617783,165492300
18/12/18,257.200012,257.950012,253.279999,255.080002,236.358337,134515100
18/12/19,255.169998,259.399994,249.350006,251.259995,232.818695,214992800
18/12/20,249.860001,251.619995,244.649994,247.169998,229.028931,252053400
18/12/21,246.740005,249.710007,239.979996,240.699997,224.336212,255345600
18/12/24,239.039993,240.839996,234.270004,234.339996,218.408569,147311600
18/12/26,235.970001,246.179993,233.759995,246.179993,229.44368,218485400
18/12/27,242.570007,248.289993,238.960007,248.070007,231.205185,186267300
18/12/28,249.580002,251.399994,246.449997,247.75,230.906921,153100200
18/12/31,249.559998,250.190002,247.470001,249.919998,232.929382,144299400
19/01/02,245.979996,251.210007,245.949997,250.179993,233.171707,126925200
19/01/03,248.229996,248.570007,243.669998,244.210007,227.607574,144140700
19/01/04,247.589996,253.110001,247.169998,252.389999,235.231461,142628800
19/01/07,252.690002,255.949997,251.690002,254.380005,237.086212,103139100
19/01/08,256.820007,257.309998,254,256.769989,239.313705,102512600
19/01/09,257.559998,258.910004,256.190002,257.970001,240.432129,95006600
19/01/10,256.26001,259.160004,255.5,258.880005,241.280273,96823900
19/01/11,257.679993,259.01001,257.029999,258.980011,241.373459,73858100
19/01/14,256.859985,258.299988,256.410004,257.399994,239.900864,70908200
19/01/15,257.820007,260.700012,257.809998,260.350006,242.650314,85208300
19/01/16,260.829987,261.970001,260.600006,260.980011,243.237518,77636700
19/01/17,260.01001,263.920013,259.959991,262.959991,245.082886,96118400
19/01/18,264.980011,266.980011,263,266.459991,248.34491,127900300
19/01/22,264.820007,265.059998,261.059998,262.859985,244.98967,115531200
19/01/23,264.01001,264.790009,260.660004,263.410004,245.502304,86030300
19/01/24,263.209991,264.200012,262.079987,263.549988,245.632751,59204100
19/01/25,265.609985,266.700012,263.660004,265.779999,247.711197,96883400
19/01/28,263.390015,263.829987,261.790009,263.76001,245.828461,85613700
19/01/29,263.920013,264.549988,262.480011,263.410004,245.502304,66136300
19/01/30,265.100006,268.519989,264.25,267.579987,249.388824,92473700
19/01/31,267.51001,270.470001,267.269989,269.929993,251.57901,104012100
19/02/01,270.149994,271.200012,269.179993,270.059998,251.70015,85782500
19/02/04,270.109985,272.029999,269.359985,271.959991,253.471085,60744800
19/02/05,272.440002,273.440002,271.880005,273.100006,254.533508,79552800
19/02/06,272.790009,273.339996,271.920013,272.73999,254.197968,58347800
19/02/07,270.940002,271.549988,268.290009,270.140015,251.77478,95482000
19/02/08,268.75,270.579987,267.829987,270.470001,252.082291,75788900
19/02/11,271.200012,271.48999,270.029999,270.619995,252.222168,68021400
19/02/12,272.420013,274.519989,272.339996,274.100006,255.465561,72270200
19/02/13,275.029999,275.929993,274.559998,274.98999,256.295074,65277200
19/02/14,273.779999,275.640015,272.869995,274.380005,255.726456,83234400
19/02/15,276.359985,277.410004,276.130005,277.369995,258.513184,97088700
19/02/19,276.480011,278.579987,276.470001,277.850006,258.960632,59120800
19/02/20,277.809998,278.920013,277.25,278.410004,259.482513,76610800
19/02/21,277.700012,278.100006,276.350006,277.420013,258.559875,64214700
19/02/22,278.109985,279.359985,277.399994,279.140015,260.162933,78114600
19/02/25,280.730011,281.309998,279.429993,279.519989,260.517059,69030700
19/02/26,279.130005,280.299988,278.899994,279.320007,260.330627,56844100
19/02/27,278.519989,279.589996,277.480011,279.200012,260.218842,56921600
19/02/28,278.959991,279.450012,278.320007,278.679993,259.7341,69268300
19/03/01,280.440002,280.880005,278.820007,280.420013,261.355927,78880500
19/03/04,281.600006,281.869995,276.839996,279.399994,260.405273,106494600
19/03/05,279.540009,279.76001,278.410004,279.019989,260.051056,59114600
19/03/06,279.149994,279.160004,276.970001,277.329987,258.475922,75039800
19/03/07,276.829987,276.98999,274.070007,275.01001,256.31369,94885100
19/03/08,272.940002,274.649994,272.420013,274.459991,255.801147,85795800
19/03/11,275.26001,278.619995,275.230011,278.440002,259.510437,65098900
19/03/12,279.059998,280.070007,278.850006,279.48999,260.489075,79667500
19/03/13,280.480011,282.380005,280.299988,281.339996,262.213287,80639200
19/03/14,281.369995,281.839996,280.670013,281.160004,262.045532,67518400
19/03/15,280.540009,282.209991,280.329987,281.309998,263.34021,81309000
19/03/18,281.549988,282.660004,281.299988,282.329987,264.295074,62199800
19/03/19,283.51001,284.359985,281.410004,282.399994,264.360565,90268100
19/03/20,282.160004,283.5,280.320007,281.549988,263.56488,84609200
19/03/21,280.640015,285.179993,280.589996,284.730011,266.541656,79550400
19/03/22,283.220001,283.799988,279.179993,279.25,261.411835,122659300
19/03/25,278.869995,280.190002,277.640015,279.040009,261.215271,85575200
19/03/26,280.98999,282.179993,279.559998,281.119995,263.162354,68125900
19/03/27,281.109985,281.76001,277.929993,279.649994,261.786285,72224700
19/03/28,280.350006,281.209991,279.070007,280.709991,262.778595,56238500
19/03/29,282.390015,282.839996,281.140015,282.480011,264.435516,82186800
19/04/01,284.700012,286.160004,284.399994,285.829987,267.571472,77617900
19/04/02,286.040009,286.230011,285.089996,285.970001,267.702515,40070400
19/04/03,287.320007,287.76001,285.75,286.420013,268.12384,68243200
19/04/04,286.779999,287.459991,286.01001,287.179993,268.835297,48997500
19/04/05,287.920013,288.630005,287.600006,288.570007,270.136475,58621700
19/04/08,288.100006,288.910004,287.369995,288.790009,270.342438,53566300
19/04/09,287.720001,288.079987,286.700012,287.309998,268.95694,66142300
19/04/10,287.769989,288.390015,287.309998,288.290009,269.874359,52601500
19/04/11,288.829987,288.839996,287.579987,288.209991,269.799438,55093100
19/04/12,290,290.470001,288.26001,290.160004,271.624908,69727800
19/04/15,290.23999,290.350006,289.079987,289.970001,271.447021,49596700
19/04/16,290.950012,291.01001,289.5,290.160004,271.624908,52153200
19/04/17,291.399994,291.429993,288.98999,289.450012,270.960236,58268300
19/04/18,290.100006,290.320007,288.660004,290.019989,271.493866,68708500
19/04/22,289.170013,290.440002,289.070007,290.269989,271.727814,40160100
19/04/23,290.679993,293.140015,290.420013,292.880005,274.171112,52246600
19/04/24,292.790009,293.160004,292.070007,292.230011,273.562683,50392900
19/04/25,292.119995,292.779999,290.730011,292.049988,273.394226,57770900
19/04/26,292.100006,293.48999,291.23999,293.410004,274.667236,50916400
19/04/29,293.51001,294.450012,293.410004,293.869995,275.097931,57197700
19/04/30,293.48999,294.339996,291.920013,294.019989,275.238281,81111700
19/05/01,294.720001,294.950012,291.799988,291.809998,273.169525,71671900
19/05/02,291.679993,292.700012,289.519989,291.179993,272.579742,65030200
19/05/03,292.820007,294.339996,291.299988,294.029999,275.247681,56543700
19/05/06,289.25,293.309998,288.899994,292.820007,274.11499,107198100
19/05/07,290.149994,290.809998,285.809998,287.929993,269.537292,144729900
19/05/08,287.529999,289.429993,286.869995,287.529999,269.162903,91568300
19/05/09,285.230011,287.329987,283.299988,286.660004,268.348541,103471100
19/05/10,285.619995,288.940002,282.299988,288.100006,269.696533,112429300
19/05/13,282.420013,283.48999,279.929993,280.859985,262.918976,127290500
19/05/14,281.98999,285.100006,281.850006,283.399994,265.296722,77003200
19/05/15,281.589996,285.769989,281.359985,285.059998,266.850739,73956400
19/05/16,285.839996,289.209991,285.76001,287.700012,269.322083,76749600
19/05/17,285.140015,288.600006,285.119995,285.839996,267.580872,100353000
19/05/20,284.059998,285.959991,283.119995,283.950012,265.811646,62877600
19/05/21,285.829987,286.929993,285.549988,286.51001,268.20813,46847100
19/05/22,285.450012,286.690002,285.100006,285.630005,267.384247,49482500
19/05/23,283.160004,283.209991,280.570007,282.140015,264.117249,98733800
19/05/24,283.73999,284.200012,282.089996,282.779999,264.716309,55268100
19/05/28,283.089996,284.149994,280.130005,280.149994,262.254364,70029400
19/05/29,278.910004,279.359985,276.709991,278.269989,260.494415,104972900
19/05/30,279.109985,280.040009,277.809998,279.029999,261.205902,62523800
19/05/31,276.200012,277.119995,275.23999,275.269989,257.686005,86862800
19/06/03,275.309998,276.549988,273.089996,274.570007,257.030731,96428000
19/06/04,277.119995,280.679993,276.619995,280.529999,262.610077,77231900
19/06/05,282.329987,282.98999,280.320007,282.959991,264.884827,71169700
19/06/06,283.290009,285.549988,282.570007,284.799988,266.607239,69430400
19/06/07,285.929993,288.850006,285.73999,287.649994,269.275238,74272200
19/06/10,289.369995,290.820007,288.869995,288.970001,270.510925,60799100
19/06/11,290.98999,291.399994,288.179993,288.899994,270.445374,58641300
19/06/12,288.640015,289.26001,287.820007,288.390015,269.967957,47096300
19/06/13,289.399994,289.980011,288.619995,289.579987,271.081909,48945200
19/06/14,289.26001,289.929993,288.410004,289.26001,270.782379,52324700
19/06/17,289.519989,290.220001,289.179993,289.369995,270.885345,39205700
19/06/18,291.390015,293.570007,290.98999,292.399994,273.721771,85434800
19/06/19,292.549988,293.649994,291.470001,293.059998,274.33963,78674400
19/06/20,296.040009,296.309998,293.130005,295.859985,276.960846,116570000
19/06/21,294.130005,295.519989,293.76001,294,276.558197,83309500
19/06/24,294.230011,294.579987,293.470001,293.640015,276.219574,47582700
19/06/25,293.700012,293.730011,290.640015,290.76001,273.510345,82028700
19/06/26,291.75,292.309998,290.350006,290.470001,273.23761,51584900
19/06/27,291.309998,292.059998,290.890015,291.5,274.206543,40355200
19/06/28,292.579987,293.549988,292.01001,293,275.617523,59350900
19/07/01,296.679993,296.920013,294.329987,295.660004,278.119751,78705600
19/07/02,295.609985,296.48999,294.679993,296.429993,278.844055,61504500
19/07/03,297.179993,298.820007,297.019989,298.799988,281.073456,40898900
19/07/05,297.440002,298.640015,296.01001,298.459991,280.75354,51677300
19/07/08,297.01001,298.26001,296.220001,296.820007,279.210876,45841800
19/07/09,295.540009,297.519989,295.480011,297.190002,279.55896,41101300
19/07/10,298.369995,299.660004,297.779999,298.609985,280.894684,58448500
19/07/11,299.320007,299.579987,298.200012,299.309998,281.553223,50826100
19/07/12,299.850006,300.730011,299.51001,300.649994,282.81366,40326000
19/07/15,301.130005,301.130005,300.190002,300.75,282.907776,33900000
19/07/16,300.649994,300.880005,299.440002,299.779999,281.995209,36650100
19/07/17,299.75,299.929993,297.73999,297.73999,280.076324,36036300
19/07/18,297.190002,299.25,296.700012,298.829987,281.101685,51392600
19/07/19,300.040009,300.070007,296.980011,297.170013,279.540222,58678600
19/07/22,297.609985,298.5,297.040009,297.899994,280.226776,43638100
19/07/23,299.140015,300.029999,298.220001,300.029999,282.230408,44564500
19/07/24,299.190002,301.440002,299.089996,301.440002,283.556824,47213200
19/07/25,300.940002,301,299.109985,300,282.202209,55394100
19/07/26,300.76001,302.230011,300.619995,302.01001,284.092987,45084100
19/07/29,301.880005,302.01001,300.850006,301.459991,283.575562,38126500
19/07/30,299.910004,301.170013,299.48999,300.720001,282.879547,45849000
19/07/31,300.98999,301.200012,295.200012,297.429993,279.784698,104245200
19/08/01,297.600006,300.869995,293.959991,294.839996,277.348358,142646600
19/08/02,293.850006,294.119995,290.899994,292.619995,275.26004,116749700
19/08/05,288.089996,288.209991,281.720001,283.820007,266.982117,178745400
19/08/06,285.910004,288.040009,284.279999,287.799988,270.725922,120711700
19/08/07,284.399994,288.820007,282.040009,287.970001,270.885925,140572300
19/08/08,289.619995,293.619995,289.01001,293.619995,276.200714,87713900
19/08/09,292.579987,293.23999,289.649994,291.619995,274.319366,93730000
19/08/12,289.959991,291.609985,287.019989,288.070007,270.97998,65527600
19/08/13,287.73999,294.149994,287.359985,292.549988,275.194244,94299800
19/08/14,288.070007,288.73999,283.76001,283.899994,267.057373,135622100
19/08/15,284.880005,285.640015,282.390015,284.649994,267.762909,99556600
19/08/16,286.480011,289.329987,284.709991,288.850006,271.713745,83018300
19/08/19,292.190002,293.079987,291.440002,292.329987,274.987213,53571800
19/08/20,291.769989,292.359985,289.950012,290.089996,272.880127,51596400
19/08/21,292.480011,292.859985,291.720001,292.450012,275.100159,49524700
19/08/22,293.230011,293.929993,290.399994,292.359985,275.015442,51666400
19/08/23,290.920013,292.76001,283.470001,284.850006,267.951019,149161500
19/08/26,287.269989,288,285.579987,288,270.914154,72423800
19/08/27,289.540009,289.950012,286.029999,286.869995,269.851166,66668900
19/08/28,286.140015,289.070007,285.25,288.890015,271.751404,59696700
19/08/29,291.720001,293.160004,290.609985,292.579987,275.222473,57899400
19/08/30,294.220001,294.23999,291.420013,292.450012,275.100159,62901200
19/09/03,290.570007,291.579987,289.269989,290.73999,273.491608,69101400
19/09/04,293.140015,294.059998,292.309998,294.040009,276.595856,46887300
19/09/05,296.790009,298.829987,294,297.820007,280.151581,83258100
19/09/06,298.170013,298.76001,297.420013,298.049988,280.367889,49584300
19/09/09,299.140015,299.23999,297.160004,298.200012,280.508972,51260300
19/09/10,297.359985,298.200012,295.970001,298.130005,280.443146,57947100
19/09/11,298.470001,300.339996,297.75,300.25,282.437408,68821100
19/09/12,301.25,302.459991,300.410004,301.290009,283.41571,72908700
19/09/13,301.779999,302.170013,300.679993,301.089996,283.227539,62104800
19/09/16,299.839996,301.140015,299.450012,300.160004,282.352753,58191200
19/09/17,299.940002,301.019989,299.75,300.920013,283.067688,41475500
19/09/18,300.48999,301.220001,298.23999,301.100006,283.237,73375800
19/09/19,301.529999,302.630005,300.709991,301.079987,283.21814,76560500
19/09/20,300.359985,300.670013,297.410004,298.279999,281.880005,89565000
19/09/23,297.549988,299,297.269989,298.209991,281.813873,43476800
19/09/24,299.410004,299.839996,294.809998,295.869995,279.602509,94869400
19/09/25,295.959991,298.109985,294.329987,297.619995,281.256348,71854000
19/09/26,297.630005,297.859985,295.450012,297,280.67041,56179700
19/09/27,297.829987,297.950012,293.690002,295.399994,279.158386,84746600
19/09/30,295.970001,297.549988,295.920013,296.769989,280.453003,51662400
19/10/01,297.73999,298.459991,293,293.23999,277.117126,88242400
19/10/02,291.5,291.51001,286.640015,288.059998,272.221954,122539500
19/10/03,287.809998,290.450012,284.820007,290.420013,274.452148,85278800
19/10/04,291.140015,294.630005,291.079987,294.350006,278.166077,65091200
19/10/07,293.470001,295.26001,292.769989,293.079987,276.965912,59610500
19/10/08,291.040009,291.850006,288.48999,288.529999,272.666046,95708100
19/10/09,290.75,292.299988,290.059998,291.269989,275.255432,62359400
19/10/10,291.179993,294.209991,291,293.23999,277.117126,55296300
19/10/11,296.269989,298.73999,296.140015,296.279999,279.98996,98720400
19/10/14,295.929993,296.670013,295.570007,295.950012,279.678131,40394800
19/10/15,297.100006,299.700012,296.970001,298.880005,282.447083,46754500
19/10/16,298.369995,299.160004,297.920013,298.399994,281.993408,48928200
19/10/17,299.679993,300.23999,298.519989,299.279999,282.825043,45736600
19/10/18,298.690002,299.399994,297.029999,297.970001,281.587036,64304000
19/10/21,299.420013,300.209991,298.940002,299.98999,283.495972,39048600
19/10/22,300.579987,300.899994,298.910004,299.01001,282.569916,48594700
19/10/23,298.730011,299.940002,298.5,299.880005,283.392059,34352200
19/10/24,300.910004,301.070007,299.459991,300.369995,283.855072,35453100
19/10/25,299.73999,302.200012,299.679993,301.600006,285.017517,45205400
19/10/28,302.940002,303.850006,302.910004,303.299988,286.623962,42147000
19/10/29,303,304.230011,302.859985,303.209991,286.53894,44284900
19/10/30,303.429993,304.549988,301.98999,304.140015,287.417877,49643900
19/10/31,304.130005,304.130005,301.730011,303.329987,286.652374,69053800
19/11/01,304.920013,306.190002,304.73999,306.140015,289.307892,71141500
19/11/04,307.850006,308,306.959991,307.369995,290.470184,60606900
19/11/05,307.589996,307.920013,306.709991,307.029999,290.148895,42933200
19/11/06,307.029999,307.399994,306.059998,307.100006,290.215088,46487100
19/11/07,308.570007,309.649994,307.660004,308.179993,291.235687,54272300
19/11/08,307.799988,309,307.029999,308.940002,291.953827,49032100
19/11/11,307.420013,308.540009,307.269989,308.350006,291.396271,35797300
19/11/12,308.75,309.98999,308.149994,309,292.010559,46484600
19/11/13,307.910004,309.540009,307.660004,309.100006,292.105103,53917700
19/11/14,308.790009,309.640015,308.089996,309.549988,292.530334,51219900
19/11/15,311.019989,311.839996,310.26001,311.790009,294.647217,62023600
19/11/18,311.529999,312.279999,311.029999,312.019989,294.864532,49228000
19/11/19,312.679993,312.690002,311.220001,311.929993,294.77951,67804700
19/11/20,311.279999,311.850006,309.059998,310.769989,293.683289,79406200
19/11/21,310.890015,311.01001,309.390015,310.269989,293.210785,54664700
19/11/22,311.089996,311.23999,309.850006,310.959991,293.862823,44850200
19/11/25,311.980011,313.369995,311.980011,313.369995,296.14035,48647200
19/11/26,313.410004,314.279999,313.059998,314.079987,296.81131,37569000
19/11/27,314.609985,315.480011,314.369995,315.480011,298.134369,44444600
19/11/29,314.859985,315.130005,314.059998,314.309998,297.028687,36592700
19/12/02,314.589996,314.660004,311.170013,311.640015,294.505493,75767800
19/12/03,308.649994,309.640015,307.130005,309.549988,292.530334,73941700
19/12/04,310.700012,312.119995,310.320007,311.459991,294.335388,49080000
19/12/05,312.230011,312.25,310.579987,312.019989,294.864532,40709000
19/12/06,314.119995,315.309998,314.109985,314.869995,297.557831,48927000
19/12/09,314.440002,315.179993,313.799988,313.880005,296.622345,34838500
19/12/10,313.820007,314.549988,312.809998,313.529999,296.291473,52649800
19/12/11,314.029999,314.700012,313.440002,314.420013,297.132568,53429100
19/12/12,314.429993,317.98999,314.170013,317.130005,299.693634,96389600
19/12/13,316.869995,318.670013,316.019989,317.320007,299.873138,81503900
19/12/16,319.220001,320.149994,317.25,319.5,301.933319,82749700
19/12/17,319.920013,320.25,319.480011,319.570007,301.999451,61097700
19/12/18,320,320.25,319.529999,319.589996,302.018341,48133000
19/12/19,319.799988,320.980011,319.519989,320.899994,303.256287,85310500
19/12/20,320.459991,321.970001,319.390015,320.730011,304.585846,147142100
19/12/23,321.589996,321.649994,321.059998,321.220001,305.051147,52990000
19/12/24,321.470001,321.519989,320.899994,321.230011,305.060608,20270000
19/12/26,321.649994,322.950012,321.640015,322.940002,306.684601,30911200
19/12/27,323.73999,323.799988,322.279999,322.859985,306.608612,42528800
19/12/30,322.950012,323.100006,320.549988,321.079987,304.918213,49729100
19/12/31,320.529999,322.130005,320.149994,321.859985,305.658966,57077300
20/01/02,323.540009,324.890015,322.529999,324.869995,308.517456,59151200
20/01/03,321.160004,323.640015,321.100006,322.410004,306.181305,77709700
20/01/06,320.48999,323.730011,320.359985,323.640015,307.349335,55653900
20/01/07,323.019989,323.540009,322.23999,322.730011,306.485168,40496400
20/01/08,322.940002,325.779999,322.670013,324.450012,308.118591,68296000
20/01/09,326.160004,326.730011,325.519989,326.649994,310.207825,48473300
20/01/10,327.290009,327.459991,325.200012,325.709991,309.315155,53029300
20/01/13,326.390015,327.959991,325.920013,327.950012,311.442444,47086800
20/01/14,327.470001,328.619995,326.839996,327.450012,310.96756,62832800
20/01/15,327.350006,329.019989,327.26001,328.190002,311.67041,72056600
20/01/16,329.700012,330.920013,329.450012,330.920013,314.262939,54050300
20/01/17,331.700012,332.179993,330.850006,331.950012,315.241119,95846000
20/01/21,330.899994,332.179993,330.820007,331.299988,314.62384,77742400
20/01/22,332.23999,332.950012,331.170013,331.339996,314.661804,48914900
20/01/23,330.630005,332.170013,329.410004,331.720001,315.022644,51963000
20/01/24,332.440002,332.529999,327.359985,328.769989,312.2211,87578400
20/01/27,323.029999,325.119995,322.660004,323.5,307.216431,84062500
20/01/28,325.059998,327.850006,323.600006,326.890015,310.435791,63834000
20/01/29,328.380005,328.630005,326.399994,326.619995,310.179321,53888900
20/01/30,324.359985,327.910004,323.540009,327.679993,311.186005,75491800
20/01/31,327,327.170013,320.730011,321.730011,305.535553,113845600
20/02/03,323.350006,326.160004,323.220001,324.119995,307.805237,69083000
20/02/04,328.070007,330.01001,327.720001,329.059998,312.496552,62573200
20/02/05,332.269989,333.089996,330.670013,332.859985,316.105255,65951100
20/02/06,333.910004,334.190002,332.799988,333.980011,317.168915,50359700
20/02/07,332.820007,333.98999,331.600006,332.200012,315.478516,64139400
20/02/10,331.230011,334.75,331.190002,334.679993,317.833679,42070000
20/02/11,336.160004,337.019989,334.679993,335.26001,318.38446,54864500
20/02/12,336.829987,337.649994,336.429993,337.420013,320.43573,43992700
20/02/13,335.859985,338.119995,335.559998,337.059998,320.093842,54501900
20/02/14,337.51001,337.730011,336.200012,337.600006,320.606659,64582200
20/02/18,336.51001,337.670013,335.209991,336.730011,319.780457,57226200
20/02/19,337.790009,339.079987,337.480011,338.339996,321.309357,48814700
20/02/20,337.73999,338.640015,333.679993,336.950012,319.98938,74163400
20/02/21,335.470001,335.809998,332.579987,333.480011,316.694092,113788200
20/02/24,323.140015,333.559998,321.23999,322.420013,306.190796,161088400
20/02/25,323.940002,324.609985,311.690002,312.649994,296.912537,218913200
20/02/26,314.179993,318.109985,310.700012,311.5,295.820435,194773800
20/02/27,305.459991,311.559998,297.51001,297.51001,282.534637,284353500
20/02/28,288.700012,297.890015,285.540009,296.26001,281.347534,384975800
20/03/02,298.209991,309.160004,294.459991,309.089996,293.531738,238703600
20/03/03,309.5,313.839996,297.570007,300.23999,285.127197,300139100
20/03/04,306.119995,313.100006,303.329987,312.859985,297.111969,176613400
20/03/05,304.980011,308.470001,300.01001,302.459991,287.235443,186366800
20/03/06,293.149994,298.779999,290.230011,297.459991,282.487091,228667200
20/03/09,275.299988,284.190002,273.450012,274.230011,260.426453,309417300
20/03/10,284.640015,288.519989,273.5,288.420013,273.902222,276444100
20/03/11,280.700012,281.940002,270.880005,274.359985,260.549866,255316300
20/03/12,256,266.660004,247.679993,248.110001,235.621216,392220700
20/03/13,263.089996,271.480011,248.520004,269.320007,255.76355,329566100
20/03/16,241.179993,256.899994,237.360001,239.850006,227.776993,297240000
20/03/17,245.039993,256.170013,237.070007,252.800003,240.07518,262070500
20/03/18,236.25,248.369995,228.020004,240,227.919464,327597100
20/03/19,239.25,247.380005,232.220001,240.509995,228.403763,289322000
20/03/20,242.529999,244.470001,228.5,228.800003,218.560883,347158800
20/03/23,228.190002,229.679993,218.259995,222.949997,212.972672,326025200
20/03/24,234.419998,244.100006,233.800003,243.149994,232.268707,235494500
20/03/25,244.869995,256.350006,239.75,246.789993,235.745804,299430300
20/03/26,249.520004,262.799988,249.050003,261.200012,249.510925,257632800
20/03/27,253.270004,260.809998,251.050003,253.419998,242.079102,224341200
20/03/30,255.699997,262.429993,253.529999,261.649994,249.940811,171369500
20/03/31,260.559998,263.329987,256.220001,257.75,246.215317,194881100
20/04/01,247.979996,257.660004,243.899994,246.149994,235.134445,189554600
20/04/02,245.190002,252.679993,244.589996,251.830002,240.560257,177660400
20/04/03,250.759995,253.320007,245.220001,248.190002,237.083191,135561200
20/04/06,257.839996,267,248.169998,264.859985,253.007126,188061200
20/04/07,274.209991,275.029999,264.890015,265.130005,253.26506,201427200
20/04/08,267.959991,276,265.25,274.029999,261.766785,153774500
20/04/09,277.579987,281.200012,275.470001,278.200012,265.750153,189999200
20/04/13,277.140015,277.51001,271.410004,275.660004,263.323822,114839100
20/04/14,280.980011,284.899994,275.51001,283.790009,271.090027,134143400
20/04/15,277.570007,283.940002,275.459991,277.76001,265.329834,121775000
20/04/16,279.149994,280.029999,275.76001,279.100006,266.609894,131798300
20/04/17,285.380005,287.299988,282.399994,286.640015,273.812469,146684800
20/04/20,282.609985,286.790009,281.350006,281.589996,268.988495,100109300
20/04/21,276.730011,278.040009,272.019989,273.040009,260.821106,126385700
20/04/22,278.350006,281,276.910004,279.100006,266.609894,92951600
20/04/23,280.48999,283.940002,278.75,279.079987,266.590759,104709700
20/04/24,280.730011,283.700012,278.5,282.970001,270.306793,85063200
20/04/27,285.119995,288.269989,284.619995,287.049988,274.204071,77896600
20/04/28,291.019989,291.399994,285.399994,285.730011,272.943237,105270000
20/04/29,291.529999,294.880005,290.410004,293.209991,280.088409,118745600
20/04/30,291.709991,293.320007,288.589996,290.480011,277.480621,122901700
20/05/01,285.309998,290.660004,281.519989,282.790009,270.134796,125180000
20/05/04,280.73999,283.899994,279.130005,283.570007,270.879913,80873200
20/05/05,286.640015,289.25,283.709991,286.190002,273.382568,79569900
20/05/06,288.040009,288.459991,283.779999,284.25,271.529449,73632600
20/05/07,287.75,289.779999,287.130005,287.679993,274.805908,75250400
20/05/08,291.089996,292.950012,289.859985,292.440002,279.352905,76452400
20/05/11,290.339996,294,289.880005,292.5,279.410217,79514200
20/05/12,293.790009,294.23999,286.519989,286.670013,273.841156,95870800
20/05/13,286.059998,287.190002,278.959991,281.600006,268.998016,144721100
20/05/14,278.950012,285.109985,272.98999,284.970001,272.217133,121977900
20/05/15,282.369995,286.329987,281.339996,286.279999,273.468536,111146300
20/05/18,293.049988,296.75,292.700012,295,281.798401,119703800
20/05/19,294.350006,296.209991,291.950012,291.970001,278.903961,95189300
20/05/20,295.820007,297.869995,295.570007,296.929993,283.641937,85861700
20/05/21,296.790009,297.670013,293.690002,294.880005,281.683716,78293900
20/05/22,294.570007,295.630005,293.220001,295.440002,282.218658,63958200
20/05/26,301.929993,302.190002,295.459991,299.079987,285.69574,88951400
20/05/27,302.119995,303.570007,296.869995,303.529999,289.946625,104817400
20/05/28,304.649994,306.839996,302.23999,302.970001,289.411652,90405200
20/05/29,302.459991,304.959991,299.470001,304.320007,290.701202,119090800
20/06/01,303.619995,306.209991,303.059998,305.549988,291.87616,55758300
20/06/02,306.549988,308.130005,305.100006,308.079987,294.292999,74267200
20/06/03,310.23999,313.220001,309.940002,312.179993,298.209503,92567600
20/06/04,311.109985,313,309.079987,311.359985,297.4263,75794400
20/06/05,317.230011,321.269989,317.160004,319.339996,305.049133,150524700
20/06/08,320.220001,323.410004,319.630005,323.200012,308.736359,73641200
20/06/09,320.299988,323.279999,319.359985,320.790009,306.434204,77479200
20/06/10,321.420013,322.390015,318.220001,319,304.724365,95000800
20/06/11,311.459991,312.149994,300.01001,300.609985,287.157318,209243600
20/06/12,308.23999,309.079987,298.600006,304.209991,290.596191,194678900
20/06/15,298.019989,308.279999,296.73999,307.049988,293.309082,135782700
20/06/16,315.480011,315.640015,307.670013,312.959991,298.95462,137627500
20/06/17,314.070007,314.390015,310.859985,311.660004,297.712769,83398900
20/06/18,310.01001,312.299988,309.51001,311.779999,297.827393,80828700
20/06/19,314.170013,314.380005,306.529999,308.640015,296.125397,135549600
20/06/22,307.98999,311.049988,306.75,310.619995,298.025055,74649400
20/06/23,313.48999,314.5,311.609985,312.049988,299.397064,68471200
20/06/24,309.839996,310.51001,302.100006,304.089996,291.759857,132813500
20/06/25,303.470001,307.640015,301.279999,307.350006,294.887634,89468000
20/06/26,306.160004,306.390015,299.420013,300.049988,287.883667,127961000
20/06/29,301.410004,304.609985,298.929993,304.459991,292.114807,79773300
20/06/30,303.98999,310.200012,303.820007,308.359985,295.856689,113394800
20/07/01,309.570007,311.890015,309.070007,310.519989,297.929108,72396500
20/07/02,314.23999,315.700012,311.51001,312.230011,299.569794,69344200
20/07/06,316.369995,317.679993,315.559998,317.049988,304.194305,61713800
20/07/07,315.380005,317.519989,313.369995,313.779999,301.056915,82910000
20/07/08,314.609985,316.299988,312.700012,316.179993,303.359589,54638600
20/07/09,316.839996,317.100006,310.679993,314.380005,301.632599,83354200
20/07/10,314.309998,317.880005,312.76001,317.589996,304.712402,57550400
20/07/13,320.130005,322.709991,314.130005,314.839996,302.074005,102997500
20/07/14,313.299988,319.76001,312,318.920013,305.988556,93657000
20/07/15,322.410004,323.040009,319.269989,321.850006,308.799713,87196500
20/07/16,319.790009,321.279999,319.089996,320.790009,307.782684,54622500
20/07/17,321.880005,322.570007,319.73999,321.720001,308.674988,62774900
20/07/20,321.429993,325.130005,320.619995,324.320007,311.169525,56308800
20/07/21,326.450012,326.929993,323.940002,325.01001,311.831573,57292200
20/07/22,324.619995,327.200012,324.5,326.859985,313.606598,57792900
20/07/23,326.470001,327.230011,321.480011,322.959991,309.864685,75738000
20/07/24,320.950012,321.98999,319.25,320.880005,307.869049,73766600
20/07/27,321.630005,323.410004,320.769989,323.220001,310.114166,48293000
20/07/28,322.429993,323.640015,320.850006,321.170013,308.147278,57495000
20/07/29,322.119995,325.730011,322.079987,325.119995,311.937103,48454200
20/07/30,321.899994,324.410004,319.640015,323.959991,310.824127,61861700
20/07/31,325.899994,326.630005,321.329987,326.519989,313.280396,84986800
20/08/03,328.320007,329.619995,327.730011,328.790009,315.458313,53077900
20/08/04,327.859985,330.059998,327.859985,330.059998,316.676849,41917900
20/08/05,331.470001,332.390015,331.179993,332.109985,318.643677,42697700
20/08/06,331.480011,334.459991,331.130005,334.329987,320.773651,43679400
20/08/07,333.279999,334.880005,332.299988,334.570007,321.003937,57308300
20/08/10,335.059998,335.769989,332.959991,335.570007,321.963379,44282100
20/08/11,336.850006,337.540009,332.01001,332.799988,319.305756,69601100
20/08/12,335.440002,338.279999,335.410004,337.440002,323.757568,53774400
20/08/13,336.609985,338.25,335.829987,336.829987,323.172333,41816100
20/08/14,336.410004,337.420013,335.619995,336.839996,323.181915,47260400
20/08/17,337.940002,338.339996,336.850006,337.910004,324.208527,35481000
20/08/18,338.339996,339.100006,336.609985,338.640015,324.908936,38733900
20/08/19,339.049988,339.609985,336.619995,337.230011,323.556091,68054200
20/08/20,335.359985,338.799988,335.220001,338.279999,324.563507,42207800
20/08/21,337.920013,339.720001,337.549988,339.480011,325.714905,55106600
20/08/24,342.119995,343,339.450012,342.920013,329.01532,48588700
20/08/25,343.529999,344.209991,342.269989,344.119995,330.166748,38463400
20/08/26,344.76001,347.859985,344.170013,347.570007,333.476807,50790200
20/08/27,348.51001,349.899994,346.529999,348.329987,334.206024,58034100
20/08/28,349.440002,350.720001,348.149994,350.579987,336.364807,48588900
20/08/31,350.350006,351.299988,349.059998,349.309998,335.146301,66099200
20/09/01,350.209991,352.709991,349.23999,352.600006,338.302856,54908700
20/09/02,354.670013,358.75,353.429993,357.700012,343.196106,69540000
20/09/03,355.869995,356.380005,342.589996,345.390015,331.385193,148011100
20/09/04,346.130005,347.829987,334.869995,342.570007,328.679596,139156300
20/09/08,336.709991,342.640015,332.880005,333.209991,319.699097,114465300
20/09/09,337.549988,342.459991,336.609985,339.790009,326.012268,91462300
20/09/10,341.820007,342.529999,332.850006,333.890015,320.351532,90569500
20/09/11,335.820007,336.970001,331,334.059998,320.514587,84680200
20/09/14,337.48999,340.380005,334.220001,338.459991,324.736145,65605700
20/09/15,341.119995,342.019989,338.470001,340.170013,326.376923,52920900
20/09/16,341.51001,343.059998,338.519989,338.820007,325.081604,82096000
20/09/17,333.559998,337.700012,332.98999,335.839996,322.222443,91523300
20/09/18,335.369995,335.48999,327.970001,330.649994,318.512787,105877900
20/09/21,325.700012,327.130005,321.730011,326.970001,314.967834,99450800
20/09/22,328.570007,330.899994,325.859985,330.299988,318.175659,63612100
20/09/23,330.899994,331.200012,322.100006,322.640015,310.796844,93112200
20/09/24,321.220001,326.799988,319.799988,323.5,311.625214,76681300
20/09/25,322.579987,329.579987,321.640015,328.730011,316.6633,71069400
20/09/28,333.220001,334.959991,332.149994,334.190002,321.922821,64584600
20/09/29,333.970001,334.769989,331.619995,332.369995,320.169708,51304000
20/09/30,333.089996,338.290009,332.880005,334.890015,322.597168,104081100
20/10/01,337.690002,338.73999,335.01001,337.040009,324.668304,88698700
20/10/02,331.700012,337.01001,331.190002,333.839996,321.585724,89431100
20/10/05,336.059998,339.959991,336.01001,339.76001,327.288452,45713100
20/10/06,339.910004,342.170013,334.380005,334.929993,322.635651,90128900
20/10/07,338.119995,341.630005,338.089996,340.76001,328.25174,56999600
20/10/08,342.850006,343.850006,341.859985,343.779999,331.160828,45242500
20/10/09,345.559998,347.350006,344.890015,346.850006,334.118195,59528600
20/10/12,349.589996,354.019989,349.059998,352.429993,339.493286,80388500
20/10/13,352.279999,352.470001,349.089996,350.130005,337.277771,73255500
20/10/14,350.75,351.929993,347.140015,347.929993,335.158508,57727900
20/10/15,343.709991,348.019989,343.130005,347.5,334.744293,60357700
20/10/16,348.959991,350.75,347.100006,347.290009,334.542023,89501900
20/10/19,348.649994,349.329987,341.040009,342.01001,329.455872,68425600
20/10/20,343.459991,346.880005,342.640015,343.380005,330.775543,60051900
20/10/21,343.329987,345.670013,342.399994,342.730011,330.149384,63575000
20/10/22,342.959991,345.23999,340.649994,344.609985,331.960388,55399300
20/10/23,345.929993,345.98999,343.130005,345.779999,333.087433,49143900
20/10/26,342.130005,342.980011,335.619995,339.390015,326.931946,91473000
20/10/27,339.76001,340.119995,337.98999,338.220001,325.804901,65994100
20/10/28,332.100006,338.25,326.130005,326.660004,314.669312,127094300
20/10/29,326.910004,333.399994,325.089996,329.980011,317.867401,90597700
20/10/30,328.279999,329.690002,322.600006,326.540009,314.55368,120287300
20/11/02,330.200012,332.359985,327.23999,330.200012,318.079285,86068300
20/11/03,333.690002,338.25,330.290009,336.029999,323.695313,93294200
20/11/04,340.859985,347.940002,339.589996,343.540009,330.929626,126959700
20/11/05,349.23999,352.190002,348.859985,350.23999,337.383698,82039700
20/11/06,349.929993,351.51001,347.649994,350.160004,337.306702,74973000
20/11/09,363.970001,364.380005,354.059998,354.559998,341.545166,172304200
20/11/10,353.48999,355.179993,350.51001,354.040009,341.04425,85552000
20/11/11,356.399994,357.559998,355.059998,356.670013,343.577698,58649000
20/11/12,355.579987,356.720001,351.26001,353.209991,340.244659,67546200
20/11/13,355.269989,358.899994,354.709991,358.100006,344.955231,62892200
20/11/16,360.980011,362.779999,359.589996,362.570007,349.261139,74541100
20/11/17,359.970001,361.920013,358.339996,360.619995,347.38266,66111000
20/11/18,360.910004,361.5,356.23999,356.279999,343.201996,70591300
20/11/19,355.600006,358.179993,354.149994,357.779999,344.646973,59940900
20/11/20,357.5,357.720001,355.25,355.329987,342.286865,70417300
20/11/23,357.279999,358.820007,354.869995,357.459991,344.338684,63230600
20/11/24,360.209991,363.809998,359.290009,363.220001,349.887207,62415900
20/11/25,363.130005,363.160004,361.480011,362.660004,349.347839,45330900
20/11/27,363.839996,364.179993,362.579987,363.670013,350.32077,28514100
20/11/30,362.829987,363.119995,359.170013,362.059998,348.769806,83872700
20/12/01,365.570007,367.679993,364.929993,366.019989,352.584473,74231400
20/12/02,364.820007,366.959991,364.200012,366.790009,353.326263,45927000
20/12/03,366.679993,368.190002,365.5,366.690002,353.229889,62882000
20/12/04,367.320007,369.850006,367.220001,369.850006,356.273895,50749900
20/12/07,369.019989,369.619995,367.720001,369.089996,355.541809,48944300
20/12/08,367.720001,370.779999,367.670013,370.170013,356.582153,42458900
20/12/09,370.880005,371.049988,365.950012,366.850006,353.384033,74098300
20/12/10,365.369995,367.859985,364.429993,366.730011,353.268402,57735400
20/12/11,364.899994,366.73999,363.26001,366.299988,352.854218,57698600
20/12/14,368.640015,369.799988,364.470001,364.660004,351.274414,69216200
20/12/15,367.399994,369.589996,365.920013,369.589996,356.023438,63865300
20/12/16,369.820007,371.160004,368.869995,370.170013,356.582153,58420500
20/12/17,371.940002,372.459991,371.049988,372.23999,358.576202,64119500
20/12/18,370.970001,371.149994,367.019989,369.179993,357.144409,136542300
20/12/21,364.970001,378.459991,362.029999,367.859985,355.867432,96386700
20/12/22,368.209991,368.329987,366.029999,367.23999,355.26767,47949000
20/12/23,368.279999,369.619995,367.220001,367.570007,355.586884,46201400
20/12/24,368.079987,369.029999,367.450012,369,356.970276,26457900
20/12/28,371.73999,372.589996,371.070007,372.170013,360.036957,39000400
20/12/29,373.809998,374,370.829987,371.459991,359.350098,53680500
20/12/30,372.339996,373.100006,371.570007,371.98999,359.862793,49455300
20/12/31,371.779999,374.660004,371.230011,373.880005,361.691193,78520700
21/01/04,375.309998,375.450012,364.820007,368.790009,356.76709,110210800
21/01/05,368.100006,372.5,368.049988,371.329987,359.224304,66426200
21/01/06,369.709991,376.980011,369.119995,373.549988,361.371918,107997700
21/01/07,376.100006,379.899994,375.910004,379.100006,366.740967,68766800
21/01/08,380.589996,381.48999,377.100006,381.26001,368.830627,71677200
21/01/11,377.850006,380.579987,377.720001,378.690002,366.344452,51034700
21/01/12,378.890015,379.859985,376.359985,378.769989,366.421753,52547700
21/01/13,378.690002,380.859985,377.850006,379.790009,367.408539,45303600
21/01/14,380.589996,381.130005,378.100006,378.459991,366.121887,49989100
21/01/15,376.720001,377.579987,373.700012,375.700012,363.451904,107160000
21/01/19,378.339996,379.230011,376.75,378.649994,366.305725,51233300
21/01/20,381.109985,384.790009,380.690002,383.890015,371.374908,61836100
21/01/21,384.48999,384.950012,383.25,384.23999,371.71344,47840100
21/01/22,382.25,384.130005,381.839996,382.880005,370.397736,52860500
21/01/25,383.670013,384.769989,378.459991,384.390015,371.858521,70402000
21/01/26,385.410004,385.850006,383.540009,383.790009,371.278107,42665300
21/01/27,380.220001,380.320007,372.01001,374.410004,362.203949,123351100
21/01/28,376.359985,381.929993,375.890015,377.630005,365.318909,94198100
21/01/29,375.630005,376.670013,368.269989,370.070007,358.005371,126765100
21/02/01,373.720001,377.339996,370.380005,376.230011,363.964569,75817600
21/02/02,379.649994,383.220001,376.320007,381.549988,369.111115,64450700
21/02/03,382.440002,383.700012,380.480011,381.850006,369.401337,52427100
21/02/04,382.959991,386.23999,381.970001,386.190002,373.599854,47142600
21/02/05,388.200012,388.470001,386.140015,387.709991,375.070313,48669800
21/02/08,389.269989,390.559998,388.350006,390.51001,377.779053,38365200
21/02/09,389.609985,390.890015,389.170013,390.25,377.527527,35551100
21/02/10,392.119995,392.279999,387.5,390.079987,377.363068,59154400
21/02/11,391.23999,391.690002,388.100006,390.709991,377.972534,42913300
21/02/12,389.850006,392.899994,389.769989,392.640015,379.839569,50593300
21/02/16,393.959991,394.170013,391.529999,392.299988,379.510681,50972400
21/02/17,390.420013,392.660004,389.329987,392.390015,379.597778,52290600
21/02/18,389.589996,391.519989,387.73999,390.720001,377.982208,59712800
21/02/19,392.070007,392.380005,389.549988,390.029999,377.314697,83241000
21/02/22,387.059998,389.619995,386.73999,387.029999,374.412445,67414200
21/02/23,384.660004,388.950012,380.200012,387.5,374.867157,107284100
21/02/24,386.329987,392.230011,385.269989,391.769989,378.997925,72433900
21/02/25,390.410004,391.880005,380.779999,382.329987,369.865662,146670500
21/02/26,384.350006,385.579987,378.230011,380.359985,367.95993,152701600
21/03/01,385.589996,390.920013,380.570007,389.579987,376.879333,105348800
21/03/02,389.820007,390.070007,386,386.540009,373.938416,79595300
21/03/03,385.790009,386.829987,381.309998,381.420013,368.985413,119940200
21/03/04,381.220001,384,371.880005,376.700012,364.41925,183433000
21/03/05,380.459991,384.76001,372.640015,383.630005,371.123322,152039600
21/03/08,384.660004,387.679993,381.420013,381.720001,369.275604,123149200
21/03/09,385.850006,389.910004,385.309998,387.170013,374.547882,113633600
21/03/10,389.690002,391.399994,388.170013,389.579987,376.879333,109899400
21/03/11,392.230011,395.649994,391.73999,393.529999,380.700592,86245000
21/03/12,392.070007,394.209991,391.200012,394.059998,381.213318,64653600
21/03/15,394.329987,396.690002,392.029999,396.410004,383.486603,73427200
21/03/16,397.070007,397.829987,395.079987,395.910004,383.003021,73722500
21/03/17,394.529999,398.119995,393.299988,397.26001,384.30899,97959300
21/03/18,394.480011,396.720001,390.75,391.480011,378.717377,115349100
21/03/19,389.880005,391.570007,387.149994,389.480011,378.016663,113624500
21/03/22,390.029999,394.070007,389.970001,392.589996,381.035126,73778600
21/03/23,391.910004,393.459991,388.660004,389.5,378.036102,90686600
21/03/24,391,392.75,387.470001,387.519989,376.114319,97588600
21/03/25,385.980011,390.549988,383.899994,389.700012,378.230194,116128600
21/03/26,390.929993,396.410004,390.290009,395.980011,384.325409,114409100
21/03/29,394.399994,396.75,392.809998,395.779999,384.131226,108107600
21/03/30,394.420013,395.450012,393.019989,394.730011,383.112152,76262200
21/03/31,395.339996,398,395.309998,396.329987,384.665009,112734200
21/04/01,398.399994,400.670013,398.179993,400.609985,388.819031,99682900
21/04/05,403.459991,406.940002,403.380005,406.359985,394.399872,91684800
21/04/06,405.76001,407.23999,405.399994,406.119995,394.166901,62021000
21/04/07,405.940002,406.959991,405.450012,406.589996,394.623108,55836300
21/04/08,407.929993,408.579987,406.929993,408.519989,396.496277,57863100
21/04/09,408.390015,411.670013,408.26001,411.48999,399.378876,61104600
21/04/12,410.850006,411.929993,410.200012,411.640015,399.524445,56704900
21/04/13,411.529999,413.529999,411.119995,412.859985,400.708527,56551000
21/04/14,412.829987,413.959991,410.869995,411.450012,399.340057,61659900
21/04/15,413.73999,416.160004,413.690002,415.869995,403.629974,60229800
21/04/16,417.25,417.910004,415.730011,417.26001,404.979034,82037300
21/04/19,416.26001,416.73999,413.790009,415.209991,402.98938,78498500
21/04/20,413.910004,415.089996,410.589996,412.170013,400.038849,81851800
21/04/21,411.51001,416.290009,411.359985,416.070007,403.824066,66793000
21/04/22,415.890015,416.779999,411.130005,412.269989,400.135864,97582800
21/04/23,412.869995,418.25,412.790009,416.73999,404.474304,73209200
21/04/26,417.440002,418.220001,416.809998,417.609985,405.318695,52182400
21/04/27,417.929993,418.140015,416.299988,417.519989,405.231354,51303100
21/04/28,417.809998,419.01001,416.899994,417.399994,405.114899,51238900
21/04/29,420.320007,420.720001,416.440002,420.059998,407.696564,78544300
21/04/30,417.630005,418.540009,416.339996,417.299988,405.017822,85527000
21/05/03,419.429993,419.839996,417.670013,418.200012,405.891388,68128300
21/05/04,416.070007,416.600006,411.670013,415.619995,403.387299,101591200
21/05/05,417.380005,417.630005,415.149994,415.75,403.513489,60162200
21/05/06,415.829987,419.209991,413.679993,419.070007,406.735687,74321400
21/05/07,419.890015,422.820007,419.160004,422.119995,409.696014,67733800
21/05/10,422.5,422.73999,417.809998,417.940002,405.639038,81852400
21/05/11,413.100006,415.269989,410.059998,414.209991,402.018799,116888000
21/05/12,411.230011,412.589996,404,405.410004,393.477814,134811000
21/05/13,407.070007,412.350006,407.019989,410.279999,398.204468,106394000
21/05/14,413.209991,417.48999,413.179993,416.579987,404.319,82201600
21/05/17,415.390015,416.390015,413.359985,415.519989,403.290222,65129200
21/05/18,415.799988,416.059998,411.769989,411.940002,399.815613,59810200
21/05/19,406.920013,411.049988,405.329987,410.859985,398.767365,106467100
21/05/20,411.799988,416.630005,411.670013,415.279999,403.057312,78022200
21/05/21,416.869995,418.200012,414.450012,414.940002,402.727356,76578700
21/05/24,417.339996,420.320007,417.079987,419.170013,406.832825,51376700
21/05/25,420.329987,420.709991,417.619995,418.23999,405.930176,57451400
21/05/26,418.869995,419.609985,417.76001,419.070007,406.735687,43088600
21/05/27,420.170013,420.720001,418.98999,419.290009,406.94928,56707700
21/05/28,420.970001,421.25,419.790009,420.040009,407.677246,58520200
21/06/01,422.570007,422.720001,419.200012,419.670013,407.318054,54216600
21/06/02,420.369995,421.230011,419.290009,420.329987,407.958649,49097100
21/06/03,417.850006,419.98999,416.279999,418.769989,406.44458,58138800
21/06/04,420.75,422.920013,418.839996,422.600006,410.161865,55938800
21/06/07,422.589996,422.779999,421.190002,422.190002,409.763947,51555000
21/06/08,423.109985,423.209991,420.320007,422.279999,409.851288,47134300
21/06/09,423.179993,423.26001,421.410004,421.649994,409.239838,48436300
21/06/10,422.959991,424.630005,421.549988,423.609985,411.14209,51020100
21/06/11,424.200012,424.429993,422.820007,424.309998,411.821472,45570800
21/06/14,424.429993,425.369995,423.100006,425.26001,412.74353,42358500
21/06/15,425.420013,425.459991,423.540009,424.480011,411.986542,51508500
21/06/16,424.630005,424.869995,419.920013,422.109985,409.68631,80386100
21/06/17,421.670013,423.019989,419.320007,421.970001,409.550446,90949700
21/06/18,417.089996,417.829987,414.700012,414.920013,404.025391,118676300
21/06/21,416.799988,421.059998,415.929993,420.859985,409.809418,72822000
21/06/22,420.850006,424,420.079987,423.109985,412.000305,57700300
21/06/23,423.190002,424.049988,422.51001,422.600006,411.503754,49445400
21/06/24,424.890015,425.549988,424.619995,425.100006,413.93811,45110300
21/06/25,425.899994,427.089996,425.549988,426.609985,415.408447,58129500
21/06/28,427.170013,427.649994,425.890015,427.470001,416.24588,53159600
21/06/29,427.880005,428.559998,427.130005,427.700012,416.469849,35970500
21/06/30,427.209991,428.779999,427.179993,428.059998,416.820374,64827900
21/07/01,428.869995,430.600006,428.799988,430.429993,419.128143,53441000
21/07/02,431.670013,434.100006,430.519989,433.720001,422.331818,57697700
21/07/06,433.779999,434.01001,430.01001,432.929993,421.562531,68710400
21/07/07,433.660004,434.76001,431.51001,434.459991,423.052307,63549500
21/07/08,428.779999,431.730011,427.519989,430.920013,419.605286,97595200
21/07/09,432.529999,435.839996,430.709991,435.519989,424.084473,76238600
21/07/12,435.429993,437.350006,434.970001,437.079987,425.603516,52889600
21/07/13,436.23999,437.839996,435.309998,435.589996,424.152679,52911300
21/07/14,437.399994,437.920013,434.910004,436.23999,424.785553,64130400
21/07/15,434.809998,435.529999,432.720001,434.75,423.334717,55126400
21/07/16,436.01001,436.059998,430.920013,431.339996,420.014282,75874700
21/07/19,426.190002,431.410004,421.970001,424.970001,413.811523,147987000
21/07/20,425.679993,432.420013,424.829987,431.059998,419.741608,99608200
21/07/21,432.339996,434.700012,431.01001,434.549988,423.139954,64724400
21/07/22,434.73999,435.720001,433.690002,435.459991,424.026031,47878500
21/07/23,437.519989,440.299988,436.790009,439.940002,428.388428,63766600
21/07/26,439.309998,441.029999,439.26001,441.019989,429.440063,43719200
21/07/27,439.910004,439.940002,435.98999,439.01001,427.48288,67397100
21/07/28,439.679993,440.299988,437.309998,438.829987,427.307587,52472400
21/07/29,439.820007,441.799988,439.809998,440.649994,429.079773,47435300
21/07/30,437.910004,440.059998,437.769989,438.51001,426.996002,68951200
21/08/02,440.339996,440.929993,437.209991,437.589996,426.100128,58783300
21/08/03,438.440002,441.279999,436.100006,441.149994,429.566681,58053900
21/08/04,439.779999,441.119995,438.730011,438.980011,427.453674,46732200
21/08/05,440.220001,441.850006,439.880005,441.76001,430.160675,38969700
21/08/06,442.100006,442.940002,441.799988,442.48999,430.87146,46930000
21/08/09,442.459991,442.799988,441.309998,442.130005,430.520935,41222600
21/08/10,442.609985,443.440002,441.880005,442.679993,431.056488,43339300
21/08/11,443.820007,443.880005,442.619995,443.779999,432.127594,44034300
21/08/12,443.619995,445.26001,442.660004,445.109985,433.422668,38909400
21/08/13,445.589996,445.940002,445.070007,445.920013,434.211456,39470300
21/08/16,444.529999,447.109985,442.869995,446.970001,435.233795,73740000
21/08/17,444.23999,444.959991,440.850006,444.040009,432.380768,92673900
21/08/18,442.959991,444.630005,438.920013,439.179993,427.648346,89351900
21/08/19,436.269989,441.140015,436.119995,439.859985,428.310516,92812200
21/08/20,440.230011,443.709991,439.709991,443.359985,431.718628,72008700
21/08/23,445.160004,448.230011,443.440002,447.26001,435.516266,54973000
21/08/24,447.970001,448.540009,447.420013,447.970001,436.207581,38744700
21/08/25,448.170013,449.459991,447.769989,448.910004,437.122925,40529700
21/08/26,448.609985,448.859985,446.160004,446.26001,434.542511,57829600
21/08/27,447.119995,450.649994,447.059998,450.25,438.427704,77235100
21/08/30,450.970001,453.070007,450.709991,452.230011,440.355774,48357400
21/08/31,452.130005,452.48999,450.920013,451.559998,439.703339,59300200
21/09/01,452.559998,453.109985,451.549988,451.799988,439.937042,48721400
21/09/02,453.320007,454.049988,451.910004,453.190002,441.290558,42501000
21/09/03,451.980011,453.630005,451.549988,453.079987,441.18338,47170500
21/09/07,452.709991,452.809998,450.73999,451.459991,439.605957,51671500
21/09/08,450.890015,451.670013,448.859985,450.910004,439.070374,56181900
21/09/09,450.700012,452.570007,448.720001,448.980011,437.191071,57970400
21/09/10,451.040009,451.48999,445.309998,445.440002,433.744049,89948200
21/09/13,448.640015,448.920013,444.109985,446.579987,434.854095,83738600
21/09/14,448.119995,448.339996,443.220001,444.170013,432.507416,78197100
21/09/15,444.619995,448.410004,443.440002,447.880005,436.119965,78792200
21/09/16,447.320007,448.359985,444.019989,447.170013,435.428619,77786700
21/09/17,444.920013,445.369995,441.019989,441.399994,431.187103,118425000
21/09/20,434.880005,436.559998,428.859985,434.040009,423.997406,166445500
21/09/21,436.529999,437.910004,433.070007,433.630005,423.596924,92526100
21/09/22,436.049988,440.029999,433.75,437.859985,427.728973,102350100
21/09/23,439.850006,444.890015,439.600006,443.179993,432.925873,76396000
21/09/24,441.440002,444.670013,441.209991,443.910004,433.639008,62094800
21/09/27,442.809998,444.049988,441.899994,442.640015,432.398407,61371100
21/09/28,439.690002,440.040009,432.940002,433.720001,423.684784,130436300
21/09/29,435.190002,437.040009,433.850006,434.450012,424.397888,82329200
21/09/30,436.019989,436.769989,428.779999,429.140015,419.210754,140506000
21/10/01,430.980011,436.029999,427.230011,434.23999,424.192719,129240100
21/10/04,433,433.959991,426.359985,428.640015,418.722321,128570000
21/10/05,430.23999,435.48999,429.390015,433.100006,423.079102,90682500
21/10/06,429.269989,435.119995,427.540009,434.899994,424.837463,113032200
21/10/07,438.390015,441.679993,438.200012,438.660004,428.510437,72437500
21/10/08,439.480011,439.890015,437.190002,437.859985,427.728973,74557400
21/10/11,437.160004,440.26001,434.619995,434.690002,424.632355,65233300
21/10/12,435.670013,436.100006,432.779999,433.619995,423.587097,71181200
21/10/13,434.709991,436.049988,431.540009,435.179993,425.110962,72974000
21/10/14,439.079987,442.660004,438.579987,442.5,432.261627,70236800
21/10/15,444.75,446.26001,444.089996,445.869995,435.553619,66260200
21/10/18,443.970001,447.549988,443.269989,447.190002,436.843109,62213200
21/10/19,448.920013,450.709991,448.269989,450.640015,440.213348,46996800
21/10/20,451.130005,452.730011,451.01001,452.410004,441.942352,49571600
21/10/21,451.769989,453.829987,451.309998,453.589996,443.095032,41305400
21/10/22,453.130005,454.670013,451.049988,453.119995,442.635895,58845100
21/10/25,454.279999,455.899994,452.390015,455.549988,445.009674,45214500
21/10/26,457.200012,458.48999,455.559998,455.959991,445.410187,56075100
21/10/27,456.450012,457.160004,453.859985,453.940002,443.43689,72438000
21/10/28,455.459991,458.399994,455.450012,458.320007,447.715607,51437900
21/10/29,455.869995,459.559998,455.559998,459.25,448.624054,70162400
21/11/01,460.299988,460.700012,458.200012,460.040009,449.395813,48433600
21/11/02,460.220001,462.230011,460.079987,461.899994,451.212738,48908400
21/11/03,461.299988,465.149994,460.829987,464.720001,453.96756,52509800
21/11/04,465.359985,467,464.98999,466.910004,456.106873,52847100
21/11/05,469.279999,470.649994,466.920013,468.529999,457.689331,66390600
21/11/08,469.700012,470.230011,468.200012,468.929993,458.080109,50405200
21/11/09,469.320007,469.570007,465.880005,467.380005,456.565948,51149100
21/11/10,465.579987,467.380005,462.040009,463.619995,452.892975,69429700
21/11/11,465.209991,465.290009,463.75,463.769989,453.039459,34848500
21/11/12,465.119995,467.859985,464.109985,467.269989,456.458527,53466700
21/11/15,468.640015,468.809998,466.230011,467.429993,456.614807,46980500
21/11/16,467.149994,470.48999,467.070007,469.279999,458.421997,48857500
21/11/17,469,469.190002,467.480011,468.140015,457.30835,47858300
21/11/18,469.23999,470.01001,466.339996,469.730011,458.861572,50625600
21/11/19,469.609985,470.940002,468.5,468.890015,458.041016,57315600
21/11/22,470.890015,473.540009,467.350006,467.570007,456.751617,72762000
21/11/23,467.220001,469.100006,464.450012,468.190002,457.357239,73206500
21/11/24,466.059998,469.570007,465.190002,469.440002,458.578308,61858800
21/11/26,462.339996,463.899994,457.769989,458.970001,448.350555,112669600
21/11/29,464.070007,466.559998,461.730011,464.600006,453.850311,86268800
21/11/30,462,464.029999,455.299988,455.559998,445.019409,148559600
21/12/01,461.640015,464.670013,450.290009,450.5,440.076538,131939200
21/12/02,450.730011,459.070007,450.309998,457.399994,446.816895,127637800
21/12/03,459.170013,460.299988,448.920013,453.420013,442.928955,137331600
21/12/06,456.130005,460.790009,453.559998,458.790009,448.174713,98977500
21/12/07,464.410004,468.880005,458.649994,468.279999,457.445129,95484700
21/12/08,468.700012,470,466.829987,469.519989,458.656433,72238800
21/12/09,468.149994,469.630005,466.140015,466.350006,455.559784,61272600
21/12/10,469.230011,470.899994,466.51001,470.73999,459.848206,77159800
21/12/13,470.190002,470.559998,466.269989,466.570007,455.774719,87724700
21/12/14,463.089996,465.73999,460.25,463.359985,452.638947,97264100
21/12/15,463.420013,470.859985,460.73999,470.600006,459.711456,116899300
21/12/16,472.570007,472.869995,464.799988,466.450012,455.657501,116568600
21/12/17,461.549988,464.73999,458.059998,459.869995,450.807983,135511600
21/12/20,454.480011,455.399994,451.140015,454.980011,446.014374,107134800
21/12/21,458.609985,463.209991,456.309998,463.059998,453.935089,69806300
21/12/22,462.790009,467.809998,462.579987,467.690002,458.473907,58890200
21/12/23,468.75,472.190002,468.640015,470.600006,461.326538,56439700
21/12/27,472.059998,477.309998,472.01001,477.26001,467.855316,56808600
21/12/28,477.720001,478.809998,476.059998,476.869995,467.472992,47274600
21/12/29,476.980011,478.559998,475.920013,477.480011,468.070984,54503000
21/12/30,477.929993,479,475.670013,476.160004,466.776978,55329000
21/12/31,475.640015,476.859985,474.670013,474.959991,465.600586,65237400
22/01/03,476.299988,477.850006,473.850006,477.709991,468.296387,72668200
22/01/04,479.220001,479.980011,475.579987,477.549988,468.139587,71178700
22/01/05,477.160004,477.980011,468.279999,468.380005,459.150299,104538900
22/01/06,467.890015,470.820007,465.429993,467.940002,458.718933,86858900
22/01/07,467.950012,469.200012,464.649994,466.089996,456.905426,85111600
22/01/10,462.700012,465.73999,456.600006,465.51001,456.336792,119362000
22/01/11,465.230011,469.850006,462.049988,469.75,460.493286,74303100
22/01/12,471.589996,473.200012,468.940002,471.019989,461.738251,67605400
22/01/13,472.190002,472.880005,463.440002,464.529999,455.376129,91173100
22/01/14,461.190002,465.089996,459.899994,464.720001,455.562408,95890900
22/01/18,459.73999,459.959991,455.309998,456.48999,447.494537,109709100
22/01/19,458.130005,459.609985,451.459991,451.75,442.847992,109357600
22/01/20,453.75,458.73999,444.5,446.75,437.946472,122379700
22/01/21,445.559998,448.059998,437.950012,437.980011,429.349304,202271200
22/01/24,432.029999,440.380005,420.76001,439.839996,431.172668,251783900
22/01/25,433.059998,439.720001,427.149994,434.470001,425.908478,167997300
22/01/26,440.720001,444.040009,428.859985,433.380005,424.839966,186391100
22/01/27,438.26001,441.589996,429.450012,431.23999,422.742157,149878300
22/01/28,432.679993,442,427.820007,441.950012,433.241089,164457400
22/01/31,441.23999,450.279999,439.809998,449.910004,441.04425,152251400
22/02/01,450.679993,453.630005,446.940002,452.950012,444.024323,123155400
22/02/02,455.5,458.119995,453.049988,457.350006,448.337646,117361000
22/02/03,450.950012,452.970001,445.709991,446.600006,437.7995,118024400
22/02/04,446.350006,452.779999,443.829987,448.700012,439.858093,118454400
22/02/07,449.51001,450.98999,445.850006,447.26001,438.446472,84472900
22/02/08,446.730011,451.920013,445.220001,450.940002,442.053986,81012000
22/02/09,455.220001,457.880005,455.01001,457.540009,448.523895,92589900
22/02/10,451.339996,457.709991,447.200012,449.320007,440.465881,140103700
22/02/11,449.410004,451.609985,438.940002,440.459991,431.780426,153214600
22/02/14,439.920013,441.600006,435.339996,439.019989,430.368805,123006300
22/02/15,443.730011,446.279999,443.179993,446.100006,437.309357,88482700
22/02/16,443.929993,448.059998,441.940002,446.600006,437.7995,84863600
22/02/17,443.220001,446.570007,436.420013,437.059998,428.447479,102259100
22/02/18,437.329987,438.660004,431.820007,434.230011,425.673248,132642900
22/02/22,431.890015,435.5,425.859985,429.570007,421.105042,124391800
22/02/23,432.660004,433.26001,421.350006,421.950012,413.635223,132578000
22/02/24,411.019989,428.76001,410.640015,428.299988,419.860107,213942900
22/02/25,429.609985,437.839996,427.859985,437.75,429.12384,121804500
22/02/28,432.029999,438.200012,430.700012,436.630005,428.02594,145615000
22/03/01,435.040009,437.170013,427.109985,429.980011,421.506958,137785900
22/03/02,432.369995,439.720001,431.570007,437.890015,429.261078,117726500
22/03/03,440.470001,441.109985,433.799988,435.709991,427.124054,105501700
22/03/04,431.75,433.369995,427.880005,432.170013,423.653839,113978200
22/03/07,431.549988,432.299988,419.359985,419.429993,411.164825,137896600
22/03/08,419.619995,427.209991,415.119995,416.25,408.047546,164772700
22/03/09,425.140015,429.51001,422.820007,427.410004,418.98764,116990800
22/03/10,422.519989,426.429993,420.440002,425.480011,417.095642,93972700
22/03/11,428.119995,428.769989,419.529999,420.070007,411.792267,95636300
22/03/14,420.890015,424.549988,415.790009,417,408.782776,95729200
22/03/15,419.769989,426.839996,418.420013,426.170013,417.772064,106219100
22/03/16,429.890015,435.679993,424.799988,435.619995,427.035828,144954800
22/03/17,433.589996,441.070007,433.190002,441.070007,432.378479,102676900
22/03/18,438,444.859985,437.220001,444.519989,437.114166,106345500
22/03/21,444.339996,446.459991,440.679993,444.390015,436.986389,88349800
22/03/22,445.859985,450.579987,445.859985,449.589996,442.099731,74650400
22/03/23,446.910004,448.48999,443.709991,443.799988,436.406158,79426100
22/03/24,445.940002,450.5,444.76001,450.48999,442.984711,64736900
22/03/25,451.160004,452.980011,448.429993,452.690002,445.148102,77101300
22/03/28,452.059998,455.910004,450.059998,455.910004,448.314423,68529800
22/03/29,460.019989,462.070007,457.179993,461.549988,453.860474,86581500
22/03/30,460.339996,461.200012,456.470001,458.700012,451.057953,79666900
22/03/31,457.890015,458.76001,451.160004,451.640015,444.11557,121699900
22/04/01,453.309998,453.459991,449.140015,452.920013,445.374237,89048800
22/04/04,453.130005,456.910004,452.26001,456.799988,449.189606,59601000
22/04/05,455.220001,457.829987,449.820007,451.029999,443.515747,74214500
22/04/06,446.890015,448.929993,443.470001,446.519989,439.080902,106898000
22/04/07,445.589996,450.690002,443.529999,448.769989,441.293396,78097200
22/04/08,447.970001,450.630005,445.940002,447.570007,440.113403,79272700
22/04/11,444.109985,445,439.390015,439.920013,432.590851,89770500
22/04/12,443.079987,445.75,436.649994,438.290009,430.988007,84363600
22/04/13,438.029999,444.109985,437.839996,443.309998,435.924377,74070400
22/04/14,443.549988,444.730011,437.679993,437.790009,430.496307,97869500
22/04/18,436.809998,439.75,435.609985,437.970001,430.673309,66002500
22/04/19,437.859985,445.799988,437.679993,445.040009,437.625519,77821000
22/04/20,446.920013,447.570007,443.480011,444.709991,437.301025,65224400
22/04/21,448.540009,450.01001,437.100006,438.059998,430.76178,85417300
22/04/22,436.910004,438.079987,425.440002,426.040009,418.942047,132471800
22/04/25,423.670013,428.690002,418.839996,428.51001,421.370941,119647700
22/04/26,425.829987,426.040009,416.070007,416.100006,409.167694,103996300
22/04/27,417.23999,422.920013,415.01001,417.269989,410.318176,122030000
22/04/28,422.290009,429.640015,417.600006,427.809998,420.682556,105449100
22/04/29,423.589996,425.869995,411.209991,412,405.135986,145491100
22/05/02,412.070007,415.920013,405.019989,414.480011,407.574707,158312500
22/05/03,415.01001,418.929993,413.359985,416.380005,409.442993,100028200
22/05/04,417.079987,429.660004,413.709991,429.059998,421.911743,144247900
22/05/05,424.549988,425,409.440002,413.809998,406.915833,172929100
22/05/06,411.100006,414.799988,405.730011,411.339996,404.487,151770800
22/05/09,405.100006,406.410004,396.5,398.170013,391.536407,155586100
22/05/10,404.48999,406.079987,394.820007,399.089996,392.441101,132497200
22/05/11,398.070007,404.040009,391.959991,392.75,386.206726,142361000
22/05/12,389.369995,395.799988,385.149994,392.339996,385.803497,125090800
22/05/13,396.709991,403.179993,395.609985,401.720001,395.027283,104174400
22/05/16,399.980011,403.970001,397.600006,400.089996,393.424377,78622400
22/05/17,406.529999,408.570007,402.579987,408.320007,401.517334,83029700
22/05/18,403.5,403.799988,390.549988,391.859985,385.331482,117674500
22/05/19,388.619995,394.140015,387.109985,389.459991,382.971497,98510700
22/05/20,393.25,397.029999,380.540009,389.630005,383.138672,131432200
22/05/23,392.829987,397.730011,390.380005,396.920013,390.307251,76414900
22/05/24,392.559998,395.149994,386.959991,393.890015,387.327728,91448800
22/05/25,392.309998,399.450012,391.890015,397.369995,390.749725,91472900
22/05/26,398.670013,407.040009,398.450012,405.309998,398.557434,82168300
22/05/27,407.910004,415.380005,407.700012,415.26001,408.341675,84768700
22/05/31,413.549988,416.459991,410.029999,412.929993,406.050476,95937000
22/06/01,415.170013,416.23999,406.929993,409.589996,402.766144,86585800
22/06/02,409.420013,417.440002,407.040009,417.390015,410.436188,79609600
22/06/03,412.399994,414.040009,409.51001,410.540009,403.700317,71874300
22/06/06,414.779999,416.609985,410.549988,411.790009,404.929504,57508900
22/06/07,408.100006,416.220001,407.609985,415.73999,408.81366,59272400
22/06/08,413.929993,415.820007,410.380005,411.220001,404.368958,64350000
22/06/09,409.339996,411.73999,401.440002,401.440002,394.751923,86289800
22/06/10,394.880005,395.779999,389.75,389.799988,383.305847,132893900
22/06/13,379.850006,381.809998,373.299988,375,368.752411,170004900
22/06/14,376.850006,377.940002,370.589996,373.869995,367.641235,104011800
22/06/15,377.359985,383.899994,372.119995,379.200012,372.882446,125666800
22/06/16,370.51001,370.940002,364.079987,366.649994,360.541534,134473300
22/06/17,365.51001,369.380005,362.170013,365.859985,361.318756,111113900
22/06/21,371.890015,376.529999,371.809998,375.070007,370.414459,76811900
22/06/22,370.619995,378.720001,370.179993,374.390015,369.74292,90059400
22/06/23,376.640015,378.829987,372.890015,378.059998,373.36734,79292100
22/06/24,381.399994,390.089996,381.369995,390.079987,385.238129,98050300
22/06/27,391.049988,391.359985,387.440002,388.589996,383.766632,66009600
22/06/28,390.230011,393.160004,380.529999,380.649994,375.925171,86548900
22/06/29,381.230011,382.269989,378.420013,380.339996,375.619019,65676000
22/06/30,376.23999,380.660004,372.559998,377.25,372.567383,112508300
22/07/01,376.559998,381.700012,373.799988,381.23999,376.507874,74839700
22/07/05,375.880005,381.980011,372.899994,381.959991,377.218933,81438000
22/07/06,382.109985,385.869995,379.600006,383.25,378.49292,70426200
22/07/07,385.119995,389.829987,383.269989,388.98999,384.161652,64525900
22/07/08,387.269989,390.640015,385.660004,388.670013,383.845642,72397800
22/07/11,385.850006,386.869995,383.5,384.230011,379.460785,58366900
22/07/12,383.649994,386.160004,378.98999,380.829987,376.102936,62219200
22/07/13,375.100006,381.920013,374.660004,378.829987,374.127777,84224600
22/07/14,373.609985,379.049988,371.040009,377.910004,373.219177,89704800
22/07/15,382.549988,385.25,380.540009,385.130005,380.349609,79060400
22/07/18,388.380005,389.089996,380.660004,381.950012,377.209045,63203600
22/07/19,386.079987,392.869995,385.390015,392.269989,387.40097,78506000
22/07/20,392.470001,396.26001,391.029999,394.769989,389.869904,71843800
22/07/21,394.160004,398.839996,391.630005,398.790009,393.840057,64903900
22/07/22,398.920013,400.179993,392.75,395.089996,390.185944,72197300
22/07/25,395.75,396.470001,393.209991,395.570007,390.659973,53631500
22/07/26,393.839996,394.059998,389.950012,390.890015,386.038086,52946400
22/07/27,394.359985,402.880005,394.049988,401.040009,396.062103,82342100
22/07/28,401.890015,406.799988,398.149994,406.070007,401.029663,73966600
22/07/29,407.579987,413.029999,406.769989,411.98999,406.87616,87003700
22/08/01,409.149994,413.410004,408.399994,410.769989,405.671326,69997500
22/08/02,409.119995,413,406.820007,408.059998,402.994965,63435400
22/08/03,410.299988,415.679993,410,414.450012,409.305634,67820600
22/08/04,414.369995,415.089996,412.440002,414.170013,409.029114,45656600
22/08/05,409.660004,414.149994,409.600006,413.470001,408.337799,56814900
22/08/08,415.25,417.619995,411.829987,412.98999,407.86377,53886100
22/08/09,412.220001,412.75,410.220001,411.350006,406.244141,44931800
22/08/10,418.779999,420.140015,416.720001,419.98999,414.776886,68665700
22/08/11,422.98999,424.950012,419.209991,419.98999,414.776886,59489700
22/08/12,422.029999,427.209991,421.029999,427.100006,421.798645,61694500
22/08/15,424.769989,429.410004,424.709991,428.859985,423.536774,54048300
22/08/16,427.730011,431.730011,426.880005,429.700012,424.366364,59289000
22/08/17,425.910004,429.5,424.540009,426.649994,421.354218,63563400
22/08/18,426.859985,428.609985,425.5,427.890015,422.578857,49023200
22/08/19,424.980011,425.26001,421.220001,422.140015,416.900238,68016900
22/08/22,417.049988,417.230011,412.399994,413.350006,408.219299,77695600
22/08/23,412.899994,415.420013,411.769989,412.350006,407.23172,49105200
22/08/24,412.109985,415.109985,411.390015,413.670013,408.535339,49177800
22/08/25,415.23999,419.559998,414.089996,419.51001,414.302856,50942300
22/08/26,419.390015,419.959991,405.25,405.309998,400.279083,103087000
22/08/29,402.200012,405.839996,401.200012,402.630005,397.632355,65370800
22/08/30,403.850006,404.100006,396,398.209991,393.267212,85652400
22/08/31,399.929993,401.23999,395.040009,395.179993,390.274811,76029700
22/09/01,392.890015,396.779999,390.040009,396.420013,391.499451,78740100
22/09/02,400.279999,401.559998,390.329987,392.23999,387.371338,99632100
22/09/06,393.130005,394.119995,388.420013,390.76001,385.909698,76637400
22/09/07,390.429993,398.589996,390.200012,397.779999,392.842529,70964200
22/09/08,395.390015,400.859985,394.119995,400.380005,395.410309,80821700
22/09/09,402.73999,407.51001,402.459991,406.600006,401.553101,76706900
22/09/12,408.779999,411.730011,408.459991,410.970001,405.868835,69256300
22/09/13,401.829987,403.100006,391.920013,393.100006,388.220642,122947100
22/09/14,394.470001,396.200012,391.119995,394.600006,389.702057,85023700
22/09/15,392.959991,395.959991,388.779999,390.119995,385.277649,87633800
22/09/16,384.140015,386.25,382.109985,385.559998,382.338409,103084800
22/09/19,382.26001,388.549988,382.179993,388.549988,385.303406,73278500
22/09/20,385.059998,386.119995,381.200012,384.089996,380.880676,77274900
22/09/21,386.109985,389.309998,377.380005,377.390015,374.236664,106746600
22/09/22,376.579987,378.299988,373.440002,374.220001,371.09314,89472600
22/09/23,370.579987,370.619995,363.290009,367.950012,364.875549,122346900
22/09/26,366.410004,370.209991,363.029999,364.309998,361.26593,92581200
22/09/27,368.019989,370.399994,360.869995,363.380005,360.34375,108294100
22/09/28,364.380005,372.299988,362.600006,370.529999,367.43399,110802200
22/09/29,366.809998,367.109985,359.700012,362.790009,359.758667,112952300
22/09/30,361.799988,365.910004,357.040009,357.179993,354.195526,153711200
22/10/03,361.079987,368.549988,359.209991,366.609985,363.546722,89756500
22/10/04,372.399994,378,366.570007,377.970001,374.811798,103602800
22/10/05,373.390015,379.459991,370.950012,377.089996,373.939148,88065700
22/10/06,375.619995,378.720001,372.679993,373.200012,370.081696,82333500
22/10/07,368.970001,373.290009,360.940002,362.790009,359.758667,107789500
22/10/10,363.959991,364.209991,357.670013,360.019989,357.01178,76042800
22/10/11,358.23999,363.029999,355.709991,357.73999,354.750854,92482800
22/10/12,358.170013,359.820007,356.299988,356.559998,353.580688,76991800
22/10/13,349.209991,367.51001,348.109985,365.970001,362.912079,147254500
22/10/14,368.549988,370.26001,356.959991,357.630005,354.641785,123737000
22/10/17,364.01001,367.980011,357.279999,366.820007,363.755005,93168200
22/10/18,375.130005,375.450012,367.519989,371.130005,368.028961,97162900
22/10/19,368.98999,371.850006,365.549988,368.5,365.420959,79746900
22/10/20,368.029999,372.670013,364.609985,365.410004,362.356781,88283100
22/10/21,365.119995,374.799988,363.540009,374.290009,371.162598,131038400
22/10/24,375.890015,380.059998,373.109985,378.869995,375.704315,85436900
22/10/25,378.790009,385.25,378.670013,384.920013,381.703735,78846300
22/10/26,381.619995,387.579987,381.350006,382.019989,378.827972,104087300
22/10/27,383.070007,385,379.329987,379.980011,376.805023,81971800
22/10/28,379.869995,389.519989,379.679993,389.019989,385.76947,100302000
22/10/31,386.440002,388.399994,385.26001,386.209991,382.982941,96631300
22/11/01,390.140015,390.390015,383.290009,384.519989,381.307068,85407600
22/11/02,383.899994,388.630005,374.76001,374.869995,371.737732,126990400
22/11/03,371.470001,374.200012,368.790009,371.01001,367.909973,87100100
22/11/04,377,378.869995,370,376.350006,373.205353,103505200
22/11/07,377.709991,380.570007,375.529999,379.950012,376.775299,68286900
22/11/08,381.109985,385.119995,377.720001,382,378.808136,84641100
22/11/09,379.929993,381.140015,373.609985,374.130005,371.003906,78495500
22/11/10,388.049988,395.040009,385.640015,394.690002,391.39212,141455800
22/11/11,395.589996,399.350006,393.609985,398.51001,395.180206,93839900
22/11/14,396.660004,400.179993,394.829987,395.119995,391.818512,71903500
22/11/15,401.149994,402.309998,394.48999,398.48999,395.160339,93194500
22/11/16,396.779999,397.779999,394.790009,395.450012,392.145752,68508500
22/11/17,390.459991,394.950012,390.140015,394.23999,390.945862,74496300
22/11/18,397.73999,397.809998,393.040009,396.029999,392.720917,92922500
22/11/21,394.640015,395.820007,392.660004,394.589996,391.292938,51243200
22/11/22,396.630005,400.070007,395.149994,399.899994,396.558594,60429000
22/11/23,399.549988,402.929993,399.309998,402.420013,399.057526,68261600
22/11/25,401.829987,402.910004,401.540009,402.329987,398.968262,30545400
22/11/28,399.089996,400.809998,395.109985,395.910004,392.601898,67881600
22/11/29,396.049988,397.299988,393.299988,395.230011,391.927612,52310000
22/11/30,395.48999,407.679993,393.480011,407.679993,404.27356,144566700
22/12/01,408.769989,410,404.75,407.380005,403.976074,76398200
22/12/02,402.25,407.859985,402.140015,406.910004,403.51001,85342700
22/12/05,403.950012,404.929993,398.170013,399.589996,396.25116,77289800
22/12/06,399.420013,399.98999,391.640015,393.829987,390.539276,77972200
22/12/07,392.940002,395.640015,391.970001,393.160004,389.874878,65927900
22/12/08,395.140015,397.359985,393.269989,396.23999,392.929138,60737900
22/12/09,394.940002,397.619995,393.149994,393.279999,389.993896,81447700
22/12/12,394.109985,398.950012,393.410004,398.950012,395.616516,75405800
22/12/13,410.220001,410.48999,399.070007,401.970001,398.611298,123782500
22/12/14,401.609985,405.5,396.309998,399.399994,396.062775,108111300
22/12/15,394.299988,395.25,387.890015,389.630005,386.37439,117705900
22/12/16,385.179993,386.579987,381.040009,383.269989,381.812805,119858000
22/12/19,383.470001,383.820007,378.279999,380.019989,378.575165,79878100
22/12/20,379.230011,382.230011,377.850006,380.540009,379.093201,74427200
22/12/21,383.25,387.410004,382.690002,386.230011,384.761566,78167400
22/12/22,383.049988,386.209991,374.769989,380.720001,379.272491,100120900
22/12/23,379.649994,383.059998,378.029999,382.910004,381.454193,59857300
22/12/27,382.790009,383.149994,379.649994,381.399994,379.949921,51638200
22/12/28,381.329987,383.390015,376.420013,376.660004,375.227936,70911500
22/12/29,379.630005,384.350006,379.079987,383.440002,381.982178,66970900
22/12/30,380.640015,382.579987,378.429993,382.429993,380.975983,84022200
23/01/03,384.369995,386.429993,377.829987,380.820007,379.372131,74850700
23/01/04,383.179993,385.880005,380,383.76001,382.300964,85934100
23/01/05,381.720001,381.839996,378.76001,379.380005,377.937592,76970500
23/01/06,382.609985,389.25,379.410004,388.079987,386.604492,104189600
23/01/09,390.369995,393.700012,387.670013,387.859985,386.385345,73978100
23/01/10,387.25,390.649994,386.269989,390.579987,389.095001,65358100
23/01/11,392.230011,395.600006,391.380005,395.519989,394.016235,68881100
23/01/12,396.670013,398.48999,392.420013,396.959991,395.450745,90157700
23/01/13,393.619995,399.100006,393.339996,398.5,396.984894,63903900
23/01/17,398.480011,400.230011,397.059998,397.769989,396.25766,62677300
23/01/18,399.01001,400.119995,391.279999,391.48999,390.001556,99632300
23/01/19,389.359985,391.079987,387.26001,388.640015,387.162415,86958900
23/01/20,390.100006,396.040009,388.380005,395.880005,394.374878,91806400
23/01/23,396.720001,402.649994,395.720001,400.630005,399.106812,84178800
23/01/24,398.880005,401.149994,397.640015,400.200012,398.678436,59524900
23/01/25,395.950012,400.700012,393.559998,400.350006,398.827881,84800300
23/01/26,403.130005,404.920013,400.029999,404.75,403.211151,72287400
23/01/27,403.660004,408.160004,403.440002,405.679993,404.137604,68346200
23/01/30,402.799988,405.130005,400.279999,400.589996,399.066956,74202000
23/01/31,401.130005,406.529999,400.769989,406.480011,404.93457,86811800
23/02/01,405.209991,413.670013,402.350006,410.799988,409.238129,101459200
23/02/02,414.859985,418.309998,412.880005,416.779999,415.195404,101654500
23/02/03,411.589996,416.970001,411.089996,412.350006,410.782257,94736800
23/02/06,409.790009,411.290009,408.100006,409.829987,408.27182,60295300
23/02/07,408.869995,416.48999,407.570007,415.190002,413.61145,90990700
23/02/08,413.130005,414.529999,409.929993,410.649994,409.088715,76227500
23/02/09,414.410004,414.570007,405.809998,407.089996,405.542236,78694900
23/02/10,405.859985,408.440002,405.01001,408.040009,406.488647,70769700
23/02/13,408.720001,412.970001,408.23999,412.829987,411.260406,64913500
23/02/14,411.23999,415.049988,408.51001,412.640015,411.071167,88389300
23/02/15,410.350006,414.059998,409.470001,413.980011,412.406067,61555700
23/02/16,408.790009,412.910004,408.140015,408.279999,406.727722,76431500
23/02/17,406.059998,407.51001,404.049988,407.26001,405.711609,89257800
23/02/21,403.059998,404.160004,398.820007,399.089996,397.572662,82655900
23/02/22,399.519989,401.130005,397.019989,398.540009,397.02475,83742300
23/02/23,401.559998,402.200012,396.25,400.660004,399.136688,96242400
23/02/24,395.420013,397.25,393.640015,396.380005,394.872955,108194400
23/02/27,399.869995,401.290009,396.75,397.730011,396.217834,80444700
23/02/28,397.230011,399.279999,396.149994,396.26001,394.753418,96438600
23/03/01,395.410004,396.690002,393.380005,394.73999,393.239197,99706800
23/03/02,392.679993,398.690002,392.329987,397.809998,396.297516,85127800
23/03/03,399.709991,404.450012,399.029999,404.190002,402.653259,90120000
23/03/06,405.049988,407.450012,404.01001,404.470001,402.93222,72795900
23/03/07,404.420013,404.670013,397.630005,398.269989,396.755768,108310600
